<?xml version="1.0" encoding="UTF-8"?>
<configuration>
    <bucketnum>100000000</bucketnum>
    <mutex>
        <range>0.5</range>
        <domains>
            <domain>
                <name>default</name>
                <range>0.2</range>
            </domain>
            <domain>
                <name>t2</name>
                <range>0.1</range>
            </domain>
            <domain>
                <name>t3</name>
                <range>0.3</range>
            </domain>
            <domain>
                <name>t1</name>
                <range>0.4</range>
            </domain>
        </domains>
    </mutex>
    <layers>
        <layer>
            <id>ctr</id>
            <domains>
                <domain>
                    <name>default</name>
                    <range>0.2</range>
                </domain>
                <domain>
                    <name>t2</name>
                    <range>0.1</range>
                </domain>
                <domain>
                    <name>t3</name>
                    <range>0.3</range>
                </domain>
                <domain>
                    <name>t1</name>
                    <range>0.4</range>
                </domain>
            </domains>
        </layer>
        <layer>
            <id>cf</id>
            <domains>
                <domain>
                    <name>default</name>
                    <range>0.5</range>
                </domain>
                <domain>
                    <name>t1</name>
                    <range>0.5</range>
                </domain>
            </domains>
        </layer>
    </layers>
</configuration>